#Release 10.1.03 - par K.39 (nt)
#Copyright (c) 1995-2008 Xilinx, Inc.  All rights reserved.

#Fri Mar 25 14:44:07 2011

#
## NOTE: This file is designed to be imported into a spreadsheet program
# such as Microsoft Excel for viewing, printing and sorting. The |
# character is used as the data field separator. This file is also designed
# to support parsing.
#
#INPUT FILE:       top_map.ncd
#OUTPUT FILE:      top_pad.csv
#PART TYPE:        xc5vfx30t
#SPEED GRADE:      -1
#PACKAGE:          ff665
#
# Pinout by Pin Number:
# 
# -----,-----,-----,-----,-----,-----,-----,-----,-----,-----,-----,-----,-----,-----,-----,-----,
Pin Number,Signal Name,Pin Usage,Pin Name,Direction,IO Standard,IO Bank Number,Drive (mA),Slew Rate,Termination,IOB Delay,Voltage,Constraint,DCI Value,IO Register,Signal Integrity,
A2,,,GND,,,,,,,,,,,,,
A3,,IOBS,IO_L14N_VREF_16,UNUSED,,16,,,,,,,,,,
A4,,IOBM,IO_L14P_16,UNUSED,,16,,,,,,,,,,
A5,,IOBS,IO_L12N_VRP_16,UNUSED,,16,,,,,,,,,,
A6,,,GND,,,,,,,,,,,,,
A7,,IOBM,IO_L10P_CC_16,UNUSED,,16,,,,,,,,,,
A8,,IOBS,IO_L4N_VREF_16,UNUSED,,16,,,,,,,,,,
A9,,IOBM,IO_L4P_16,UNUSED,,16,,,,,,,,,,
A10,,IOBS,IO_L13N_16,UNUSED,,16,,,,,,,,,,
A11,,,GND,,,,,,,,,,,,,
A12,,IOBS,IO_L15N_16,UNUSED,,16,,,,,,,,,,
A13,,IOBS,IO_L1N_15,UNUSED,,15,,,,,,,,,,
A14,,IOBM,IO_L2P_15,UNUSED,,15,,,,,,,,,,
A15,,IOBS,IO_L2N_15,UNUSED,,15,,,,,,,,,,
A16,,,GND,,,,,,,,,,,,,
A17,,IOBS,IO_L5N_15,UNUSED,,15,,,,,,,,,,
A18,,IOBM,IO_L6P_15,UNUSED,,15,,,,,,,,,,
A19,,IOBS,IO_L6N_15,UNUSED,,15,,,,,,,,,,
A20,,IOBM,IO_L8P_CC_15,UNUSED,,15,,,,,,,,,,
A21,,,GND,,,,,,,,,,,,,
A22,,IOBS,IO_L13N_15,UNUSED,,15,,,,,,,,,,
A23,,IOBM,IO_L14P_15,UNUSED,,15,,,,,,,,,,
A24,,IOBS,IO_L14N_VREF_15,UNUSED,,15,,,,,,,,,,
A25,,IOBS,IO_L17N_15,UNUSED,,15,,,,,,,,,,
A26,,,GND,,,,,,,,,,,,,
AA1,,IPAD,MGTRXP0_118,UNUSED,,,,,,,,,,,,
AA2,,OPAD,MGTTXN0_118,UNUSED,,,,,,,,,,,,
AA3,,,MGTAVTTRX_118,,,,,,,,,,,,,
AA4,,,GND,,,,,,,,,,,,,
AA5,,IOBM,IO_L9P_CC_18,UNUSED,,18,,,,,,,,,,
AA6,,,VCCO_18,,,18,,,,,2.50,,,,,
AA7,,IOBM,IO_L7P_18,UNUSED,,18,,,,,,,,,,
AA8,,IOBS,IO_L7N_18,UNUSED,,18,,,,,,,,,,
AA9,,IOBS,IO_L19N_18,UNUSED,,18,,,,,,,,,,
AA10,,IOBM,IO_L2P_A23_2,UNUSED,,2,,,,,,,,,,
AA11,,,GND,,,,,,,,,,,,,
AA12,,IOBS,IO_L4N_VREF_FOE_B_MOSI_2,UNUSED,,2,,,,,,,,,,
AA13,,IOBM,IO_L6P_D7_2,UNUSED,,2,,,,,,,,,,
AA14,,IOBS,IO_L6N_D6_2,UNUSED,,2,,,,,,,,,,
AA15,,IOBS,IO_L9N_D0_FS0_2,UNUSED,,2,,,,,,,,,,
AA16,,,VCCO_2,,,2,,,,,any******,,,,,
AA17,,IOBM,IO_L5P_FWE_B_2,UNUSED,,2,,,,,,,,,,
AA18,,IOBM,IO_L3P_A21_2,UNUSED,,2,,,,,,,,,,
AA19,,IOBS,IO_L1N_CC_A24_2,UNUSED,,2,,,,,,,,,,
AA20,,IOBS,IO_L0N_GC_D14_4,UNUSED,,4,,,,,,,,,,
AA21,,,GND,,,,,,,,,,,,,
AA22,,IOBM,IO_L10P_CC_13,UNUSED,,13,,,,,,,,,,
AA23,,IOBS,IO_L15N_13,UNUSED,,13,,,,,,,,,,
AA24,,IOBS,IO_L14N_VREF_13,UNUSED,,13,,,,,,,,,,
AA25,,IOBM,IO_L13P_13,UNUSED,,13,,,,,,,,,,
AA26,,,GND,,,,,,,,,,,,,
AB1,,IPAD,MGTRXN0_118,UNUSED,,,,,,,,,,,,
AB2,,,GND,,,,,,,,,,,,,
AB3,,IPAD,MGTREFCLKN_118,UNUSED,,,,,,,,,,,,
AB4,,IPAD,MGTREFCLKP_118,UNUSED,,,,,,,,,,,,
AB5,,IOBS,IO_L9N_CC_18,UNUSED,,18,,,,,,,,,,
AB6,,IOBM,IO_L10P_CC_18,UNUSED,,18,,,,,,,,,,
AB7,,IOBS,IO_L10N_CC_18,UNUSED,,18,,,,,,,,,,
AB8,,,GND,,,,,,,,,,,,,
AB9,,IOBM,IO_L19P_18,UNUSED,,18,,,,,,,,,,
AB10,,IOBM,IO_L1P_GC_D13_4,UNUSED,,4,,,,,,,,,,
AB11,,IOBS,IO_L1N_GC_D12_4,UNUSED,,4,,,,,,,,,,
AB12,,IOBS,IO_L3N_GC_D8_4,UNUSED,,4,,,,,,,,,,
AB13,,,VCCO_4,,,4,,,,,2.50,,,,,
AB14,,IOBM,IO_L7P_GC_VRN_4,UNUSED,,4,,,,,,,,,,
AB15,MCLK100,IOBM,IO_L9P_CC_GC_4,OUTPUT,LVDS_25,4,,NONE*,,,,LOCATED,,YES,NONE,
AB16,,IOBS,IO_L8N_CC_GC_4,UNUSED,,4,,,,,,,,,,
AB17,,IOBS,IO_L6N_GC_4,UNUSED,,4,,,,,,,,,,
AB18,,,GND,,,,,,,,,,,,,
AB19,,IOBM,IO_L4P_GC_4,UNUSED,,4,,,,,,,,,,
AB20,,IOBS,IO_L2N_GC_D10_4,UNUSED,,4,,,,,,,,,,
AB21,,IOBM,IO_L2P_GC_D11_4,UNUSED,,4,,,,,,,,,,
AB22,,IOBS,IO_L7N_17,UNUSED,,17,,,,,,,,,,
AB23,,,VCCO_17,,,17,,,,,2.50,,,,,
AB24,,IOBM,IO_L15P_13,UNUSED,,13,,,,,,,,,,
AB25,,IOBM,IO_L14P_13,UNUSED,,13,,,,,,,,,,
AB26,,IOBS,IO_L13N_13,UNUSED,,13,,,,,,,,,,
AC1,,IPAD,MGTRXN1_118,UNUSED,,,,,,,,,,,,
AC2,,,GND,,,,,,,,,,,,,
AC3,,,MGTAVCC_118,,,,,,,,,,,,,
AC4,,,MGTAVCC_118,,,,,,,,,,,,,
AC5,,,GND,,,,,,,,,,,,,
AC6,,IOBM,IO_L12P_VRN_18,UNUSED,,18,,,,,,,,,,
AC7,,IOBS,IO_L16N_18,UNUSED,,18,,,,,,,,,,
AC8,SYNC_TRIGGER_OUT<1>,IOBM,IO_L17P_18,OUTPUT,LVDS_25,18,,NONE*,,,,LOCATED,,NO,NONE,
AC9,,IOBS,IO_L18N_18,UNUSED,,18,,,,,,,,,,
AC10,,,VCCO_18,,,18,,,,,2.50,,,,,
AC11,,IOBM,IO_L3P_GC_D9_4,UNUSED,,4,,,,,,,,,,
AC12,,IOBM,IO_L5P_GC_4,UNUSED,,4,,,,,,,,,,
AC13,,IOBS,IO_L5N_GC_4,UNUSED,,4,,,,,,,,,,
AC14,,IOBS,IO_L7N_GC_VRP_4,UNUSED,,4,,,,,,,,,,
AC15,,,GND,,,,,,,,,,,,,
AC16,MCLK100_b,IOBS,IO_L9N_CC_GC_4,OUTPUT,LVDS_25,4,,,,,,LOCATED,,NO,NONE,
AC17,,IOBM,IO_L8P_CC_GC_4,UNUSED,,4,,,,,,,,,,
AC18,,IOBM,IO_L6P_GC_4,UNUSED,,4,,,,,,,,,,
AC19,,IOBS,IO_L4N_GC_VREF_4,UNUSED,,4,,,,,,,,,,
AC20,,,VCCO_17,,,17,,,,,2.50,,,,,
AC21,,IOBM,IO_L11P_CC_17,UNUSED,,17,,,,,,,,,,
AC22,,IOBM,IO_L7P_17,UNUSED,,17,,,,,,,,,,
AC23,,IOBS,IO_L6N_17,UNUSED,,17,,,,,,,,,,
AC24,,IOBM,IO_L6P_17,UNUSED,,17,,,,,,,,,,
AC25,,,GND,,,,,,,,,,,,,
AC26,,IOBM,IO_L0P_17,UNUSED,,17,,,,,,,,,,
AD1,,IPAD,MGTRXP1_118,UNUSED,,,,,,,,,,,,
AD2,,OPAD,MGTTXN1_118,UNUSED,,,,,,,,,,,,
AD3,,,MGTAVCCPLL_118,,,,,,,,,,,,,
AD4,,IOBS,IO_L14N_VREF_18,UNUSED,,18,,,,,,,,,,
AD5,,IOBS,IO_L12N_VRP_18,UNUSED,,18,,,,,,,,,,
AD6,,IOBM,IO_L16P_18,UNUSED,,18,,,,,,,,,,
AD7,,,VCCO_18,,,18,,,,,2.50,,,,,
AD8,SYNC_TRIGGER_OUT_b<1>,IOBS,IO_L17N_18,OUTPUT,LVDS_25,18,,,,,,LOCATED,,NO,NONE,
AD9,,IOBM,IO_L18P_18,UNUSED,,18,,,,,,,,,,
AD10,SYNC_TRIGGER_IN<1>,IOB,IO_L4P_18,INPUT,LVDS_25,18,,,,NONE,,LOCATED,,NO,NONE,
AD11,SYNC_TRIGGER_OUT_b<0>,IOBS,IO_L2N_18,OUTPUT,LVDS_25,18,,,,,,LOCATED,,NO,NONE,
AD12,,,GND,,,,,,,,,,,,,
AD13,,IOBM,IO_L19P_17,UNUSED,,17,,,,,,,,,,
AD14,,IOBS,IO_L19N_17,UNUSED,,17,,,,,,,,,,
AD15,,IOBM,IO_L16P_17,UNUSED,,17,,,,,,,,,,
AD16,,IOBS,IO_L15N_17,UNUSED,,17,,,,,,,,,,
AD17,,,VCCO_2,,,2,,,,,any******,,,,,
AD18,,IOBS,IO_L13N_17,UNUSED,,17,,,,,,,,,,
AD19,,IOBM,IO_L10P_CC_17,UNUSED,,17,,,,,,,,,,
AD20,,IOBS,IO_L10N_CC_17,UNUSED,,17,,,,,,,,,,
AD21,,IOBS,IO_L11N_CC_17,UNUSED,,17,,,,,,,,,,
AD22,,,GND,,,,,,,,,,,,,
AD23,,IOBS,IO_L5N_17,UNUSED,,17,,,,,,,,,,
AD24,,IOBS,IO_L1N_17,UNUSED,,17,,,,,,,,,,
AD25,,IOBM,IO_L1P_17,UNUSED,,17,,,,,,,,,,
AD26,,IOBS,IO_L0N_17,UNUSED,,17,,,,,,,,,,
AE2,,OPAD,MGTTXP1_118,UNUSED,,,,,,,,,,,,
AE3,,,MGTAVTTTX_118,,,,,,,,,,,,,
AE4,,,GND,,,,,,,,,,,,,
AE5,,IOBM,IO_L14P_18,UNUSED,,18,,,,,,,,,,
AE6,,IOBM,IO_L13P_18,UNUSED,,18,,,,,,,,,,
AE7,,IOBS,IO_L11N_CC_18,UNUSED,,18,,,,,,,,,,
AE8,,IOBM,IO_L11P_CC_18,UNUSED,,18,,,,,,,,,,
AE9,,,GND,,,,,,,,,,,,,
AE10,SYNC_TRIGGER_IN_b<1>,IOB,IO_L4N_VREF_18,INPUT,LVDS_25,18,,,,NONE,,LOCATED,,NO,NONE,
AE11,SYNC_TRIGGER_OUT<0>,IOBM,IO_L2P_18,OUTPUT,LVDS_25,18,,NONE*,,,,LOCATED,,NO,NONE,
AE12,SYNC_TRIGGER_IN_b<0>,IOB,IO_L0N_18,INPUT,LVDS_25,18,,,,NONE,,LOCATED,,NO,NONE,
AE13,,IOBS,IO_L18N_17,UNUSED,,17,,,,,,,,,,
AE14,,,VCCO_4,,,4,,,,,2.50,,,,,
AE15,,IOBS,IO_L16N_17,UNUSED,,17,,,,,,,,,,
AE16,,IOBM,IO_L15P_17,UNUSED,,17,,,,,,,,,,
AE17,,IOBM,IO_L14P_17,UNUSED,,17,,,,,,,,,,
AE18,,IOBM,IO_L13P_17,UNUSED,,17,,,,,,,,,,
AE19,,,GND,,,,,,,,,,,,,
AE20,,IOBS,IO_L9N_CC_17,UNUSED,,17,,,,,,,,,,
AE21,,IOBS,IO_L8N_CC_17,UNUSED,,17,,,,,,,,,,
AE22,,IOBM,IO_L5P_17,UNUSED,,17,,,,,,,,,,
AE23,,IOBS,IO_L4N_VREF_17,UNUSED,,17,,,,,,,,,,
AE24,,,VCCO_17,,,17,,,,,2.50,,,,,
AE25,,IOBM,IO_L2P_17,UNUSED,,17,,,,,,,,,,
AE26,,IOBS,IO_L2N_17,UNUSED,,17,,,,,,,,,,
AF2,,,GND,,,,,,,,,,,,,
AF3,RESET_ROC_B2_b,IOBS,IO_L15N_18,OUTPUT,LVDS_25,18,,,,,,LOCATED,,NO,NONE,
AF4,RESET_ROC_B2,IOBM,IO_L15P_18,OUTPUT,LVDS_25,18,,NONE*,,,,LOCATED,,NO,NONE,
AF5,,IOBS,IO_L13N_18,UNUSED,,18,,,,,,,,,,
AF6,,,GND,,,,,,,,,,,,,
AF7,,IOBM,IO_L8P_CC_18,UNUSED,,18,,,,,,,,,,
AF8,,IOBS,IO_L8N_CC_18,UNUSED,,18,,,,,,,,,,
AF9,RESET_ROC_B1,IOBM,IO_L6P_18,OUTPUT,LVDS_25,18,,NONE*,,,,LOCATED,,NO,NONE,
AF10,RESET_ROC_B1_b,IOBS,IO_L6N_18,OUTPUT,LVDS_25,18,,,,,,LOCATED,,NO,NONE,
AF11,,,GND,,,,,,,,,,,,,
AF12,SYNC_TRIGGER_IN<0>,IOB,IO_L0P_18,INPUT,LVDS_25,18,,,,NONE,,LOCATED,,NO,NONE,
AF13,,IOBM,IO_L18P_17,UNUSED,,17,,,,,,,,,,
AF14,,IOBS,IO_L17N_17,UNUSED,,17,,,,,,,,,,
AF15,,IOBM,IO_L17P_17,UNUSED,,17,,,,,,,,,,
AF16,,,GND,,,,,,,,,,,,,
AF17,,IOBS,IO_L14N_VREF_17,UNUSED,,17,,,,,,,,,,
AF18,,IOBS,IO_L12N_VRP_17,UNUSED,,17,,,,,,,,,,
AF19,,IOBM,IO_L12P_VRN_17,UNUSED,,17,,,,,,,,,,
AF20,RESET,IOB,IO_L9P_CC_17,INPUT,LVCMOS25*,17,,,,NONE,,LOCATED,,NO,NONE,
AF21,,,GND,,,,,,,,,,,,,
AF22,test_led,IOB,IO_L8P_CC_17,OUTPUT,LVCMOS25*,17,12,SLOW,,,,LOCATED,,NO,NONE,
AF23,test_led2,IOB,IO_L4P_17,OUTPUT,LVCMOS25*,17,12,SLOW,,,,LOCATED,,NO,NONE,
AF24,,IOBS,IO_L3N_17,UNUSED,,17,,,,,,,,,,
AF25,,IOBM,IO_L3P_17,UNUSED,,17,,,,,,,,,,
AF26,,,GND,,,,,,,,,,,,,
B2,,OPAD,MGTTXP0_116,UNUSED,,,,,,,,,,,,
B3,,,MGTAVTTTX_116,,,,,,,,,,,,,
B4,,IOBM,IO_L16P_16,UNUSED,,16,,,,,,,,,,
B5,,IOBS,IO_L16N_16,UNUSED,,16,,,,,,,,,,
B6,,IOBM,IO_L12P_VRN_16,UNUSED,,16,,,,,,,,,,
B7,,IOBS,IO_L10N_CC_16,UNUSED,,16,,,,,,,,,,
B8,,,GND,,,,,,,,,,,,,
B9,,IOBM,IO_L6P_16,UNUSED,,16,,,,,,,,,,
B10,,IOBM,IO_L13P_16,UNUSED,,16,,,,,,,,,,
B11,,IOBM,IO_L15P_16,UNUSED,,16,,,,,,,,,,
B12,,IOBM,IO_L17P_16,UNUSED,,16,,,,,,,,,,
B13,,,VCCO_1,,,1,,,,,any******,,,,,
B14,,IOBM,IO_L1P_15,UNUSED,,15,,,,,,,,,,
B15,,IOBM,IO_L3P_15,UNUSED,,15,,,,,,,,,,
B16,,IOBM,IO_L4P_15,UNUSED,,15,,,,,,,,,,
B17,,IOBM,IO_L5P_15,UNUSED,,15,,,,,,,,,,
B18,,,GND,,,,,,,,,,,,,
B19,,IOBM,IO_L7P_15,UNUSED,,15,,,,,,,,,,
B20,,IOBS,IO_L8N_CC_15,UNUSED,,15,,,,,,,,,,
B21,,IOBM,IO_L11P_CC_15,UNUSED,,15,,,,,,,,,,
B22,,IOBM,IO_L13P_15,UNUSED,,15,,,,,,,,,,
B23,,,VCCO_15,,,15,,,,,any******,,,,,
B24,,IOBM,IO_L15P_15,UNUSED,,15,,,,,,,,,,
B25,,IOBM,IO_L17P_15,UNUSED,,15,,,,,,,,,,
B26,,IOBM,IO_L18P_15,UNUSED,,15,,,,,,,,,,
C1,,IPAD,MGTRXP0_116,UNUSED,,,,,,,,,,,,
C2,,OPAD,MGTTXN0_116,UNUSED,,,,,,,,,,,,
C3,,,MGTAVTTRX_116,,,,,,,,,,,,,
C4,,,GND,,,,,,,,,,,,,
C5,,,GND,,,,,,,,,,,,,
C6,,IOBS,IO_L9N_CC_16,UNUSED,,16,,,,,,,,,,
C7,,IOBM,IO_L9P_CC_16,UNUSED,,16,,,,,,,,,,
C8,,IOBS,IO_L6N_16,UNUSED,,16,,,,,,,,,,
C9,,IOBM,IO_L8P_CC_16,UNUSED,,16,,,,,,,,,,
C10,,,VCCO_16,,,16,,,,,any******,,,,,
C11,,IOBM,IO_L19P_16,UNUSED,,16,,,,,,,,,,
C12,,IOBS,IO_L17N_16,UNUSED,,16,,,,,,,,,,
C13,,IOBM,IO_L0P_15,UNUSED,,15,,,,,,,,,,
C14,,IOBS,IO_L0N_15,UNUSED,,15,,,,,,,,,,
C15,,,GND,,,,,,,,,,,,,
C16,,IOBS,IO_L3N_15,UNUSED,,15,,,,,,,,,,
C17,,IOBS,IO_L4N_VREF_15,UNUSED,,15,,,,,,,,,,
C18,,IOBS,IO_L7N_15,UNUSED,,15,,,,,,,,,,
C19,,IOBM,IO_L9P_CC_15,UNUSED,,15,,,,,,,,,,
C20,,,GND,,,,,,,,,,,,,
C21,,IOBS,IO_L11N_CC_15,UNUSED,,15,,,,,,,,,,
C22,,IOBS,IO_L12N_VRP_15,UNUSED,,15,,,,,,,,,,
C23,,IOBS,IO_L15N_15,UNUSED,,15,,,,,,,,,,
C24,,IOBS,IO_L16N_15,UNUSED,,15,,,,,,,,,,
C25,,,GND,,,,,,,,,,,,,
C26,,IOBS,IO_L18N_15,UNUSED,,15,,,,,,,,,,
D1,,IPAD,MGTRXN0_116,UNUSED,,,,,,,,,,,,
D2,,,GND,,,,,,,,,,,,,
D3,,IPAD,MGTREFCLKN_116,UNUSED,,,,,,,,,,,,
D4,,IPAD,MGTREFCLKP_116,UNUSED,,,,,,,,,,,,
D5,,IOBM,IO_L18P_16,UNUSED,,16,,,,,,,,,,
D6,,IOBS,IO_L7N_16,UNUSED,,16,,,,,,,,,,
D7,,,VCCO_16,,,16,,,,,any******,,,,,
D8,,IOBS,IO_L8N_CC_16,UNUSED,,16,,,,,,,,,,
D9,,IOBM,IO_L11P_CC_16,UNUSED,,16,,,,,,,,,,
D10,,IOBS,IO_L11N_CC_16,UNUSED,,16,,,,,,,,,,
D11,,IOBS,IO_L19N_16,UNUSED,,16,,,,,,,,,,
D12,,,GND,,,,,,,,,,,,,
D13,,IOBS,IO_L2N_GC_VRP_3,UNUSED,,3,,,,,,,,,,
D14,,IOBM,IO_L2P_GC_VRN_3,UNUSED,,3,,,,,,,,,,
D15,,IOBM,IO_L0P_CC_GC_3,UNUSED,,3,,,,,,,,,,
D16,,IOBM,IO_L1P_CC_GC_3,UNUSED,,3,,,,,,,,,,
D17,,,VCCO_3,,,3,,,,,2.50,,,,,
D18,,IOBS,IO_L3N_GC_3,UNUSED,,3,,,,,,,,,,
D19,,IOBS,IO_L9N_CC_15,UNUSED,,15,,,,,,,,,,
D20,,IOBS,IO_L10N_CC_15,UNUSED,,15,,,,,,,,,,
D21,,IOBM,IO_L10P_CC_15,UNUSED,,15,,,,,,,,,,
D22,,,GND,,,,,,,,,,,,,
D23,,IOBM,IO_L12P_VRN_15,UNUSED,,15,,,,,,,,,,
D24,,IOBM,IO_L16P_15,UNUSED,,15,,,,,,,,,,
D25,,IOBS,IO_L19N_15,UNUSED,,15,,,,,,,,,,
D26,,IOBM,IO_L19P_15,UNUSED,,15,,,,,,,,,,
E1,,IPAD,MGTRXN1_116,UNUSED,,,,,,,,,,,,
E2,,,GND,,,,,,,,,,,,,
E3,,,MGTAVCC_116,,,,,,,,,,,,,
E4,,,MGTAVCC_116,,,,,,,,,,,,,
E5,,IOBS,IO_L18N_16,UNUSED,,16,,,,,,,,,,
E6,,IOBM,IO_L7P_16,UNUSED,,16,,,,,,,,,,
E7,,IOBS,IO_L5N_16,UNUSED,,16,,,,,,,,,,
E8,,IOBM,IO_L5P_16,UNUSED,,16,,,,,,,,,,
E9,,,GND,,,,,,,,,,,,,
E10,,IOBM,IO_L8P_GC_3,UNUSED,,3,,,,,,,,,,
E11,,IOBS,IO_L6N_GC_3,UNUSED,,3,,,,,,,,,,
E12,,IOBS,IO_L4N_GC_VREF_3,UNUSED,,3,,,,,,,,,,
E13,,IOBM,IO_L4P_GC_3,UNUSED,,3,,,,,,,,,,
E14,,,VCCO_1,,,1,,,,,any******,,,,,
E15,,IOBS,IO_L0N_CC_GC_3,UNUSED,,3,,,,,,,,,,
E16,,IOBS,IO_L1N_CC_GC_3,UNUSED,,3,,,,,,,,,,
E17,,IOBM,IO_L3P_GC_3,UNUSED,,3,,,,,,,,,,
E18,FPGA100M,IOB,IO_L5P_GC_3,INPUT,LVCMOS25*,3,,,,NONE,,LOCATED,,NO,NONE,
E19,,,GND,,,,,,,,,,,,,
E20,,IOBM,IO_L7P_GC_3,UNUSED,,3,,,,,,,,,,
E21,,IOBS,IO_L7N_GC_3,UNUSED,,3,,,,,,,,,,
E22,,IOBS,IO_L4N_VREF_11,UNUSED,,11,,,,,,,,,,
E23,,IOBM,IO_L4P_11,UNUSED,,11,,,,,,,,,,
E24,,,VCCO_15,,,15,,,,,any******,,,,,
E25,,IOBS,IO_L0N_11,UNUSED,,11,,,,,,,,,,
E26,,IOBM,IO_L0P_11,UNUSED,,11,,,,,,,,,,
F1,,IPAD,MGTRXP1_116,UNUSED,,,,,,,,,,,,
F2,,OPAD,MGTTXN1_116,UNUSED,,,,,,,,,,,,
F3,,,MGTAVCCPLL_116,,,,,,,,,,,,,
F4,,,GND,,,,,,,,,,,,,
F5,,IOBS,IO_L3N_12,UNUSED,,12,,,,,,,,,,
F6,,,GND,,,,,,,,,,,,,
F7,,IOBM,IO_L1P_16,UNUSED,,16,,,,,,,,,,
F8,,IOBS,IO_L1N_16,UNUSED,,16,,,,,,,,,,
F9,,IOBM,IO_L2P_16,UNUSED,,16,,,,,,,,,,
F10,,IOBS,IO_L8N_GC_3,UNUSED,,3,,,,,,,,,,
F11,,,VCCO_0,,,0,,,,,any******,,,,,
F12,,IOBM,IO_L6P_GC_3,UNUSED,,3,,,,,,,,,,
F13,,IOBM,IO_L5P_A9_D25_1,UNUSED,,1,,,,,,,,,,
F14,,IOBS,IO_L3N_A12_D28_1,UNUSED,,1,,,,,,,,,,
F15,,IOBM,IO_L3P_A13_D29_1,UNUSED,,1,,,,,,,,,,
F16,,,GND,,,,,,,,,,,,,
F17,,IOBS,IO_L2N_A14_D30_1,UNUSED,,1,,,,,,,,,,
F18,,IOBM,IO_L4P_A11_D27_1,UNUSED,,1,,,,,,,,,,
F19,,IOBS,IO_L5N_GC_3,UNUSED,,3,,,,,,,,,,
F20,,IOBM,IO_L9P_GC_3,UNUSED,,3,,,,,,,,,,
F21,,,VCCO_15,,,15,,,,,any******,,,,,
F22,,IOBS,IO_L5N_11,UNUSED,,11,,,,,,,,,,
F23,,IOBM,IO_L5P_11,UNUSED,,11,,,,,,,,,,
F24,,IOBM,IO_L3P_11,UNUSED,,11,,,,,,,,,,
F25,,IOBM,IO_L1P_11,UNUSED,,11,,,,,,,,,,
F26,,,GND,,,,,,,,,,,,,
G2,,OPAD,MGTTXP1_116,UNUSED,,,,,,,,,,,,
G3,,,MGTAVTTTX_116,,,,,,,,,,,,,
G4,,IOBM,IO_L5P_12,UNUSED,,12,,,,,,,,,,
G5,,IOBM,IO_L3P_12,UNUSED,,12,,,,,,,,,,
G6,,IOBM,IO_L1P_12,UNUSED,,12,,,,,,,,,,
G7,,IOBS,IO_L0N_16,UNUSED,,16,,,,,,,,,,
G8,,,VCCO_16,,,16,,,,,any******,,,,,
G9,,IOBS,IO_L2N_16,UNUSED,,16,,,,,,,,,,
G10,,IOBM,IO_L9P_CC_A1_D17_1,UNUSED,,1,,,,,,,,,,
G11,,IOBM,IO_L7P_A5_D21_1,UNUSED,,1,,,,,,,,,,
G12,,IOBS,IO_L5N_A8_D24_1,UNUSED,,1,,,,,,,,,,
G13,,,GND,,,,,,,,,,,,,
G14,,IOBS,IO_L1N_A16_1,UNUSED,,1,,,,,,,,,,
G15,,IOBM,IO_L0P_A19_1,UNUSED,,1,,,,,,,,,,
G16,,IOBS,IO_L0N_A18_1,UNUSED,,1,,,,,,,,,,
G17,,IOBM,IO_L2P_A15_D31_1,UNUSED,,1,,,,,,,,,,
G18,,,VCCO_3,,,3,,,,,2.50,,,,,
G19,,IOBS,IO_L4N_VREF_A10_D26_1,UNUSED,,1,,,,,,,,,,
G20,,IOBM,IO_L8P_CC_A3_D19_1,UNUSED,,1,,,,,,,,,,
G21,,IOBS,IO_L9N_GC_3,UNUSED,,3,,,,,,,,,,
G22,,IOBM,IO_L6P_11,UNUSED,,11,,,,,,,,,,
G23,,,GND,,,,,,,,,,,,,
G24,,IOBS,IO_L3N_11,UNUSED,,11,,,,,,,,,,
G25,,IOBS,IO_L2N_11,UNUSED,,11,,,,,,,,,,
G26,,IOBS,IO_L1N_11,UNUSED,,11,,,,,,,,,,
H2,,OPAD,MGTTXP0_112,UNUSED,,,,,,,,,,,,
H3,,,MGTAVTTTX_112,,,,,,,,,,,,,
H4,,IOBS,IO_L5N_12,UNUSED,,12,,,,,,,,,,
H5,,,VCCO_12,,,12,,,,,2.50,,,,,
H6,,IOBS,IO_L1N_12,UNUSED,,12,,,,,,,,,,
H7,,IOBM,IO_L0P_16,UNUSED,,16,,,,,,,,,,
H8,,IOBM,IO_L3P_16,UNUSED,,16,,,,,,,,,,
H9,,IOBS,IO_L9N_CC_A0_D16_1,UNUSED,,1,,,,,,,,,,
H10,,,GND,,,,,,,,,,,,,
H11,,IOBS,IO_L7N_A4_D20_1,UNUSED,,1,,,,,,,,,,
H12,,,INIT_B_0,,,,,,,,,,,,,
H13,,IOBM,IO_L1P_A17_1,UNUSED,,1,,,,,,,,,,
H14,,,GND,,,,,,,,,,,,,
H15,,,VCCINT,,,,,,,,1.0,,,,,
H16,,,GND,,,,,,,,,,,,,
H17,,,VCCINT,,,,,,,,1.0,,,,,
H18,,IOBM,IO_L6P_A7_D23_1,UNUSED,,1,,,,,,,,,,
H19,,IOBS,IO_L6N_A6_D22_1,UNUSED,,1,,,,,,,,,,
H20,,,GND,,,,,,,,,,,,,
H21,,IOBS,IO_L8N_CC_A2_D18_1,UNUSED,,1,,,,,,,,,,
H22,,IOBS,IO_L6N_11,UNUSED,,11,,,,,,,,,,
H23,,IOBM,IO_L7P_11,UNUSED,,11,,,,,,,,,,
H24,,IOBM,IO_L12P_VRN_11,UNUSED,,11,,,,,,,,,,
H25,,,VCCO_11,,,11,,,,,any******,,,,,
H26,,IOBM,IO_L2P_11,UNUSED,,11,,,,,,,,,,
J1,,IPAD,MGTRXP0_112,UNUSED,,,,,,,,,,,,
J2,,OPAD,MGTTXN0_112,UNUSED,,,,,,,,,,,,
J3,,,MGTAVTTRX_112,,,,,,,,,,,,,
J4,,,GND,,,,,,,,,,,,,
J5,,IOBM,IO_L7P_12,UNUSED,,12,,,,,,,,,,
J6,,IOBS,IO_L7N_12,UNUSED,,12,,,,,,,,,,
J7,,,GND,,,,,,,,,,,,,
J8,,IOBS,IO_L3N_16,UNUSED,,16,,,,,,,,,,
J10,,,D_IN_0,,,,,,,,,,,,,
J11,,,CCLK_0,,,,,,,,,,,,,
J12,,,VCCO_0,,,0,,,,,any******,,,,,
J13,,,GND,,,,,,,,,,,,,
J14,,,VCCINT,,,,,,,,1.0,,,,,
J15,,,GND,,,,,,,,,,,,,
J16,,,VCCINT,,,,,,,,1.0,,,,,
J17,,,GND,,,,,,,,,,,,,
J18,,,VCCINT,,,,,,,,1.0,,,,,
J19,,,VBATT_0,,,,,,,,,,,,,
J20,,,PROGRAM_B_0,,,,,,,,,,,,,
J21,,IOBM,IO_L8P_CC_11,UNUSED,,11,,,,,,,,,,
J22,,,VCCO_11,,,11,,,,,any******,,,,,
J23,,IOBS,IO_L7N_11,UNUSED,,11,,,,,,,,,,
J24,,IOBS,IO_L12N_VRP_11,UNUSED,,11,,,,,,,,,,
J25,,IOBM,IO_L13P_11,UNUSED,,11,,,,,,,,,,
J26,,IOBS,IO_L13N_11,UNUSED,,11,,,,,,,,,,
K1,,IPAD,MGTRXN0_112,UNUSED,,,,,,,,,,,,
K2,,,GND,,,,,,,,,,,,,
K3,,IPAD,MGTREFCLKN_112,UNUSED,,,,,,,,,,,,
K4,,IPAD,MGTREFCLKP_112,UNUSED,,,,,,,,,,,,
K5,,IOBM,IO_L9P_CC_12,UNUSED,,12,,,,,,,,,,
K6,,IOBM,IO_L10P_CC_12,UNUSED,,12,,,,,,,,,,
K7,,IOBS,IO_L10N_CC_12,UNUSED,,12,,,,,,,,,,
K8,,IOBM,IO_L12P_VRN_12,UNUSED,,12,,,,,,,,,,
K9,,,VCCAUX,,,,,,,,2.5,,,,,
K10,,,GND,,,,,,,,,,,,,
K11,,,DONE_0,,,,,,,,,,,,,
K12,,,GND,,,,,,,,,,,,,
K13,,,VCCINT,,,,,,,,1.0,,,,,
K14,,,GND,,,,,,,,,,,,,
K15,,,VCCINT,,,,,,,,1.0,,,,,
K16,,,GND,,,,,,,,,,,,,
K17,,,VCCINT,,,,,,,,1.0,,,,,
K18,,,GND,,,,,,,,,,,,,
K19,,,VCCINT,,,,,,,,1.0,,,,,
K20,,,HSWAPEN_0,,,,,,,,,,,,,
K21,,IOBS,IO_L8N_CC_11,UNUSED,,11,,,,,,,,,,
K22,,IOBM,IO_L9P_CC_11,UNUSED,,11,,,,,,,,,,
K23,,IOBS,IO_L9N_CC_11,UNUSED,,11,,,,,,,,,,
K24,,,GND,,,,,,,,,,,,,
K25,,IOBS,IO_L15N_SM13N_11,UNUSED,,11,,,,,,,,,,
K26,,IOBM,IO_L14P_11,UNUSED,,11,,,,,,,,,,
L1,,IPAD,MGTRXN1_112,UNUSED,,,,,,,,,,,,
L2,,,GND,,,,,,,,,,,,,
L3,,,MGTAVCC_112,,,,,,,,,,,,,
L4,,,MGTAVCC_112,,,,,,,,,,,,,
L5,,IOBS,IO_L9N_CC_12,UNUSED,,12,,,,,,,,,,
L6,,,VCCO_12,,,12,,,,,2.50,,,,,
L7,,IOBS,IO_L12N_VRP_12,UNUSED,,12,,,,,,,,,,
L8,tx,IOB,IO_L14N_VREF_12,OUTPUT,LVCMOS25*,12,12,SLOW,,,,LOCATED,,NO,NONE,
L9,,,GND,,,,,,,,,,,,,
L10,,,VCCINT,,,,,,,,1.0,,,,,
L11,,,GND,,,,,,,,,,,,,
L12,,,VCCINT,,,,,,,,1.0,,,,,
L13,,,GND,,,,,,,,,,,,,
L14,,,VCCINT,,,,,,,,1.0,,,,,
L15,,,GND,,,,,,,,,,,,,
L16,,,VCCINT,,,,,,,,1.0,,,,,
L17,,,GND,,,,,,,,,,,,,
L18,,,VCCINT,,,,,,,,1.0,,,,,
L19,,,GND,,,,,,,,,,,,,
L20,,,CS_B_0,,,,,,,,,,,,,
L21,,,GND,,,,,,,,,,,,,
L22,,IOBS,IO_L10N_CC_SM15N_11,UNUSED,,11,,,,,,,,,,
L23,,IOBM,IO_L10P_CC_SM15P_11,UNUSED,,11,,,,,,,,,,
L24,,IOBM,IO_L15P_SM13P_11,UNUSED,,11,,,,,,,,,,
L25,,IOBS,IO_L14N_VREF_11,UNUSED,,11,,,,,,,,,,
L26,,,GND,,,,,,,,,,,,,
M1,,IPAD,MGTRXP1_112,UNUSED,,,,,,,,,,,,
M2,,OPAD,MGTTXN1_112,UNUSED,,,,,,,,,,,,
M3,,,MGTAVCCPLL_112,,,,,,,,,,,,,
M4,,,GND,,,,,,,,,,,,,
M5,,,NC,,,,,,,,,,,,,
M6,,IOBM,IO_L17P_12,UNUSED,,12,,,,,,,,,,
M7,,IOBM,IO_L14P_12,UNUSED,,12,,,,,,,,,,
M8,,,GND,,,,,,,,,,,,,
M9,,,VCCAUX,,,,,,,,2.5,,,,,
M10,,,GND,,,,,,,,,,,,,
M11,,,VCCINT,,,,,,,,1.0,,,,,
M12,,,GND,,,,,,,,,,,,,
M13,,,VCCINT,,,,,,,,1.0,,,,,
M14,,,AVSS_0,,,,,,,,,,,,,
M15,,,AVDD_0,,,,,,,,,,,,,
M16,,,GND,,,,,,,,,,,,,
M17,,,VCCINT,,,,,,,,1.0,,,,,
M18,,,GND,,,,,,,,,,,,,
M19,,,VCCAUX,,,,,,,,2.5,,,,,
M20,,,RDWR_B_0,,,,,,,,,,,,,
M21,,IOBM,IO_L11P_CC_SM14P_11,UNUSED,,11,,,,,,,,,,
M22,,IOBS,IO_L19N_SM9N_11,UNUSED,,11,,,,,,,,,,
M23,,,VCCO_11,,,11,,,,,any******,,,,,
M24,,IOBS,IO_L17N_SM11N_11,UNUSED,,11,,,,,,,,,,
M25,,IOBM,IO_L17P_SM11P_11,UNUSED,,11,,,,,,,,,,
M26,,IOBS,IO_L16N_SM12N_11,UNUSED,,11,,,,,,,,,,
N2,,OPAD,MGTTXP1_112,UNUSED,,,,,,,,,,,,
N3,,,MGTAVTTTX_112,,,,,,,,,,,,,
N4,,,NC,,,,,,,,,,,,,
N5,,,GND,,,,,,,,,,,,,
N6,,IOBS,IO_L16N_12,UNUSED,,12,,,,,,,,,,
N7,,IOBS,IO_L17N_12,UNUSED,,12,,,,,,,,,,
N8,,IOBM,IO_L18P_12,UNUSED,,12,,,,,,,,,,
N9,,,GND,,,,,,,,,,,,,
N10,,,VCCINT,,,,,,,,1.0,,,,,
N11,,,GND,,,,,,,,,,,,,
N12,,,VCCINT,,,,,,,,1.0,,,,,
N13,,,GND,,,,,,,,,,,,,
N14,,,VREFN_0,,,,,,,,,,,,,
N15,,IPAD,VP_0,UNUSED,,0,,,,,,,,,,
N16,,,VCCINT,,,,,,,,1.0,,,,,
N17,,,GND,,,,,,,,,,,,,
N18,,,VCCINT,,,,,,,,1.0,,,,,
N19,,,GND,,,,,,,,,,,,,
N20,,,VCCAUX,,,,,,,,2.5,,,,,
N21,,IOBS,IO_L11N_CC_SM14N_11,UNUSED,,11,,,,,,,,,,
N22,,IOBM,IO_L19P_SM9P_11,UNUSED,,11,,,,,,,,,,
N23,,IOBS,IO_L18N_SM10N_11,UNUSED,,11,,,,,,,,,,
N24,,IOBM,IO_L18P_SM10P_11,UNUSED,,11,,,,,,,,,,
N25,,,GND,,,,,,,,,,,,,
N26,,IOBM,IO_L16P_SM12P_11,UNUSED,,11,,,,,,,,,,
P2,,OPAD,MGTTXP0_114,UNUSED,,,,,,,,,,,,
P3,,,MGTAVTTTX_114,,,,,,,,,,,,,
P4,,,MGTRREF_112,,,,,,,,,,,,,
P5,,,MGTAVTTRXC,,,,,,,,,,,,,
P6,,IOBM,IO_L16P_12,UNUSED,,12,,,,,,,,,,
P7,,,VCCO_12,,,12,,,,,2.50,,,,,
P8,,IOBS,IO_L18N_12,UNUSED,,12,,,,,,,,,,
P9,,,VCCAUX,,,,,,,,2.5,,,,,
P10,,,GND,,,,,,,,,,,,,
P11,,,VCCINT,,,,,,,,1.0,,,,,
P12,,,GND,,,,,,,,,,,,,
P13,,,VCCINT,,,,,,,,1.0,,,,,
P14,,IPAD,VN_0,UNUSED,,0,,,,,,,,,,
P15,,,VREFP_0,,,,,,,,,,,,,
P16,,,GND,,,,,,,,,,,,,
P17,,,VCCINT,,,,,,,,1.0,,,,,
P18,,,GND,,,,,,,,,,,,,
P19,,,VCCAUX,,,,,,,,2.5,,,,,
P20,,,RSVD_0,,,,,,,,,,,,,
P21,,IOBM,IO_L16P_13,UNUSED,,13,,,,,,,,,,
P22,,,GND,,,,,,,,,,,,,
P23,,IOBS,IO_L2N_SM6N_13,UNUSED,,13,,,,,,,,,,
P24,,IOBM,IO_L2P_SM6P_13,UNUSED,,13,,,,,,,,,,
P25,,IOBM,IO_L1P_SM7P_13,UNUSED,,13,,,,,,,,,,
P26,,IOBM,IO_L0P_SM8P_13,UNUSED,,13,,,,,,,,,,
R1,,IPAD,MGTRXP0_114,UNUSED,,,,,,,,,,,,
R2,,OPAD,MGTTXN0_114,UNUSED,,,,,,,,,,,,
R3,,,MGTAVTTRX_114,,,,,,,,,,,,,
R4,,,GND,,,,,,,,,,,,,
R5,,IOBS,IO_L13N_12,UNUSED,,12,,,,,,,,,,
R6,,IOBM,IO_L15P_12,UNUSED,,12,,,,,,,,,,
R7,,IOBS,IO_L19N_12,UNUSED,,12,,,,,,,,,,
R8,,IOBM,IO_L19P_12,UNUSED,,12,,,,,,,,,,
R9,,,GND,,,,,,,,,,,,,
R10,,,VCCINT,,,,,,,,1.0,,,,,
R11,,,GND,,,,,,,,,,,,,
R12,,,VCCINT,,,,,,,,1.0,,,,,
R13,,,GND,,,,,,,,,,,,,
R14,,,DXN_0,,,,,,,,,,,,,
R15,,,DXP_0,,,,,,,,,,,,,
R16,,,VCCINT,,,,,,,,1.0,,,,,
R17,,,GND,,,,,,,,,,,,,
R18,,,VCCINT,,,,,,,,1.0,,,,,
R19,,,GND,,,,,,,,,,,,,
R20,,,RSVD_0,,,,,,,,,,,,,
R21,,IOBS,IO_L16N_13,UNUSED,,13,,,,,,,,,,
R22,,IOBS,IO_L3N_SM5N_13,UNUSED,,13,,,,,,,,,,
R23,,IOBM,IO_L3P_SM5P_13,UNUSED,,13,,,,,,,,,,
R24,,,VCCO_13,,,13,,,,,any******,,,,,
R25,,IOBS,IO_L1N_SM7N_13,UNUSED,,13,,,,,,,,,,
R26,,IOBS,IO_L0N_SM8N_13,UNUSED,,13,,,,,,,,,,
T1,,IPAD,MGTRXN0_114,UNUSED,,,,,,,,,,,,
T2,,,GND,,,,,,,,,,,,,
T3,,IPAD,MGTREFCLKN_114,UNUSED,,,,,,,,,,,,
T4,,IPAD,MGTREFCLKP_114,UNUSED,,,,,,,,,,,,
T5,,IOBM,IO_L13P_12,UNUSED,,12,,,,,,,,,,
T6,,,GND,,,,,,,,,,,,,
T7,,IOBS,IO_L15N_12,UNUSED,,12,,,,,,,,,,
T8,,IOBS,IO_L8N_CC_12,UNUSED,,12,,,,,,,,,,
T9,,,VCCAUX,,,,,,,,2.5,,,,,
T10,,,GND,,,,,,,,,,,,,
T11,,,VCCINT,,,,,,,,1.0,,,,,
T12,,,GND,,,,,,,,,,,,,
T13,,,VCCINT,,,,,,,,1.0,,,,,
T14,,,GND,,,,,,,,,,,,,
T15,,,VCCINT,,,,,,,,1.0,,,,,
T16,,,GND,,,,,,,,,,,,,
T17,,,VCCINT,,,,,,,,1.0,,,,,
T18,,,GND,,,,,,,,,,,,,
T19,,,VCCAUX,,,,,,,,2.5,,,,,
T20,,,M0_0,,,,,,,,,,,,,
T21,,,GND,,,,,,,,,,,,,
T22,,IOBM,IO_L17P_13,UNUSED,,13,,,,,,,,,,
T23,,IOBS,IO_L6N_SM3N_13,UNUSED,,13,,,,,,,,,,
T24,,IOBM,IO_L6P_SM3P_13,UNUSED,,13,,,,,,,,,,
T25,,IOBS,IO_L5N_SM4N_13,UNUSED,,13,,,,,,,,,,
T26,,,GND,,,,,,,,,,,,,
U1,,IPAD,MGTRXN1_114,UNUSED,,,,,,,,,,,,
U2,,,GND,,,,,,,,,,,,,
U3,,,MGTAVCC_114,,,,,,,,,,,,,
U4,,,MGTAVCC_114,,,,,,,,,,,,,
U5,,IOBS,IO_L11N_CC_12,UNUSED,,12,,,,,,,,,,
U6,,IOBM,IO_L11P_CC_12,UNUSED,,12,,,,,,,,,,
U7,,IOBM,IO_L8P_CC_12,UNUSED,,12,,,,,,,,,,
U8,,,VCCAUX,,,,,,,,2.5,,,,,
U9,,,GND,,,,,,,,,,,,,
U10,,,VCCINT,,,,,,,,1.0,,,,,
U11,,,GND,,,,,,,,,,,,,
U12,,,D_OUT_BUSY_0,,,,,,,,,,,,,
U13,,,GND,,,,,,,,,,,,,
U14,,,VCCINT,,,,,,,,1.0,,,,,
U15,,,GND,,,,,,,,,,,,,
U16,,,VCCINT,,,,,,,,1.0,,,,,
U17,,,GND,,,,,,,,,,,,,
U18,,,VCCINT,,,,,,,,1.0,,,,,
U19,,,GND,,,,,,,,,,,,,
U20,,,M2_0,,,,,,,,,,,,,
U21,,IOBM,IO_L18P_13,UNUSED,,13,,,,,,,,,,
U22,,IOBS,IO_L17N_13,UNUSED,,13,,,,,,,,,,
U23,,,GND,,,,,,,,,,,,,
U24,,IOBM,IO_L7P_SM2P_13,UNUSED,,13,,,,,,,,,,
U25,,IOBM,IO_L5P_SM4P_13,UNUSED,,13,,,,,,,,,,
U26,,IOBM,IO_L4P_13,UNUSED,,13,,,,,,,,,,
V1,,IPAD,MGTRXP1_114,UNUSED,,,,,,,,,,,,
V2,,OPAD,MGTTXN1_114,UNUSED,,,,,,,,,,,,
V3,,,MGTAVCCPLL_114,,,,,,,,,,,,,
V4,,,GND,,,,,,,,,,,,,
V5,,,GND,,,,,,,,,,,,,
V6,,IOBM,IO_L6P_12,UNUSED,,12,,,,,,,,,,
V7,,IOBS,IO_L6N_12,UNUSED,,12,,,,,,,,,,
V8,,IOBM,IO_L1P_18,UNUSED,,18,,,,,,,,,,
V9,,IOBS,IO_L1N_18,UNUSED,,18,,,,,,,,,,
V10,,,GND,,,,,,,,,,,,,
V11,,,TCK_0,,,,,,,,,,,,,
V12,,,TDO_0,,,,,,,,,,,,,
V13,,,TDI_0,,,,,,,,,,,,,
V14,,,GND,,,,,,,,,,,,,
V15,,,VCCINT,,,,,,,,1.0,,,,,
V16,,,GND,,,,,,,,,,,,,
V17,,,VCCINT,,,,,,,,1.0,,,,,
V18,,,GND,,,,,,,,,,,,,
V19,,,VCCAUX,,,,,,,,2.5,,,,,
V20,,,GND,,,,,,,,,,,,,
V21,,IOBM,IO_L19P_13,UNUSED,,13,,,,,,,,,,
V22,,IOBS,IO_L18N_13,UNUSED,,13,,,,,,,,,,
V23,,IOBS,IO_L9N_CC_SM0N_13,UNUSED,,13,,,,,,,,,,
V24,,IOBS,IO_L7N_SM2N_13,UNUSED,,13,,,,,,,,,,
V25,,,VCCO_13,,,13,,,,,any******,,,,,
V26,,IOBS,IO_L4N_VREF_13,UNUSED,,13,,,,,,,,,,
W2,,OPAD,MGTTXP1_114,UNUSED,,,,,,,,,,,,
W3,,,MGTAVTTTX_114,,,,,,,,,,,,,
W4,,IOBS,IO_L2N_12,UNUSED,,12,,,,,,,,,,
W5,,IOBM,IO_L4P_12,UNUSED,,12,,,,,,,,,,
W6,,IOBS,IO_L4N_VREF_12,UNUSED,,12,,,,,,,,,,
W7,,,GND,,,,,,,,,,,,,
W8,,IOBS,IO_L3N_18,UNUSED,,18,,,,,,,,,,
W9,,IOBM,IO_L3P_18,UNUSED,,18,,,,,,,,,,
W10,,,VCCAUX,,,,,,,,2.5,,,,,
W11,,IOBM,IO_L0P_CC_RS1_2,UNUSED,,2,,,,,,,,,,
W12,,,GND,,,,,,,,,,,,,
W13,,,TMS_0,,,,,,,,,,,,,
W14,,IOBS,IO_L8N_D2_FS2_2,UNUSED,,2,,,,,,,,,,
W15,,,GND,,,,,,,,,,,,,
W16,,IOBS,IO_L7N_D4_2,UNUSED,,2,,,,,,,,,,
W17,,,GND,,,,,,,,,,,,,
W18,,,VCCINT,,,,,,,,1.0,,,,,
W19,,,GND,,,,,,,,,,,,,
W20,,,M1_0,,,,,,,,,,,,,
W21,,IOBS,IO_L19N_13,UNUSED,,13,,,,,,,,,,
W22,,,VCCO_13,,,13,,,,,any******,,,,,
W23,,IOBS,IO_L11N_CC_13,UNUSED,,13,,,,,,,,,,
W24,,IOBM,IO_L9P_CC_SM0P_13,UNUSED,,13,,,,,,,,,,
W25,,IOBS,IO_L8N_CC_SM1N_13,UNUSED,,13,,,,,,,,,,
W26,,IOBM,IO_L8P_CC_SM1P_13,UNUSED,,13,,,,,,,,,,
Y2,,OPAD,MGTTXP0_118,UNUSED,,,,,,,,,,,,
Y3,,,MGTAVTTTX_118,,,,,,,,,,,,,
Y4,,IOBM,IO_L2P_12,UNUSED,,12,,,,,,,,,,
Y5,,IOBS,IO_L0N_12,UNUSED,,12,,,,,,,,,,
Y6,,IOBM,IO_L0P_12,UNUSED,,12,,,,,,,,,,
Y7,,IOBM,IO_L5P_18,UNUSED,,18,,,,,,,,,,
Y8,,IOBS,IO_L5N_18,UNUSED,,18,,,,,,,,,,
Y9,,,GND,,,,,,,,,,,,,
Y10,,IOBS,IO_L0N_CC_RS0_2,UNUSED,,2,,,,,,,,,,
Y11,,IOBS,IO_L2N_A22_2,UNUSED,,2,,,,,,,,,,
Y12,,IOBM,IO_L4P_FCS_B_2,UNUSED,,2,,,,,,,,,,
Y13,,IOBM,IO_L8P_D3_2,UNUSED,,2,,,,,,,,,,
Y14,,,GND,,,,,,,,,,,,,
Y15,,IOBM,IO_L9P_D1_FS1_2,UNUSED,,2,,,,,,,,,,
Y16,,IOBM,IO_L7P_D5_2,UNUSED,,2,,,,,,,,,,
Y17,,IOBS,IO_L5N_CSO_B_2,UNUSED,,2,,,,,,,,,,
Y18,,IOBS,IO_L3N_A20_2,UNUSED,,2,,,,,,,,,,
Y19,,,VCCAUX,,,,,,,,2.5,,,,,
Y20,,IOBM,IO_L1P_CC_A25_2,UNUSED,,2,,,,,,,,,,
Y21,,IOBM,IO_L0P_GC_D15_4,UNUSED,,4,,,,,,,,,,
Y22,,IOBS,IO_L10N_CC_13,UNUSED,,13,,,,,,,,,,
Y23,,IOBM,IO_L11P_CC_13,UNUSED,,13,,,,,,,,,,
Y24,,,GND,,,,,,,,,,,,,
Y25,,IOBS,IO_L12N_VRP_13,UNUSED,,13,,,,,,,,,,
Y26,,IOBM,IO_L12P_VRN_13,UNUSED,,13,,,,,,,,,,

# -----,-----,-----,-----,-----,-----,-----,-----,-----,-----,-----,-----,-----,-----,-----,-----,
# 
#* Default value.
#** This default Pullup/Pulldown value can be overridden in Bitgen. 
#All RSVD_0 pins must be tied to GROUND.
#****** Special VCCO requirements may apply. Please consult the device 
#       family datasheet for specific guideline on VCCO requirements. 
#
#
#